Country Name,Country Code,1960,1961,1962,1963,1964,1965,1966,1967,1968,1969,1970,1971,1972,1973,1974,1975,1976,1977,1978,1979,1980,1981,1982,1983,1984,1985,1986,1987,1988,1989,1990,1991,1992,1993,1994,1995,1996,1997,1998,1999,2000,2001,2002,2003,2004,2005,2006,2007,2008,2009,2010,2011,2012,2013,2014,2015,2016,2017,2018,2019,2020,2021,2022
"Afghanistan",AFG,..,..,..,..,..,..,..,..,..,..,..,..,..,..,..,..,..,..,..,..,..,..,..,..,..,..,..,..,..,..,..,..,..,..,..,..,..,44.9,..,..,..,..,..,..,31.7,..,..,..,..,..,..,..,..,24.6,..,..,..,..,19.1,..,..,..,..
"Albania",ALB,..,..,..,..,..,..,..,..,..,..,..,..,..,..,..,..,..,..,..,..,..,..,..,..,..,..,..,..,..,..,..,..,..,..,..,..,..,..,..,..,..,..,..,..,..,6.6,..,..,..,6.3,..,..,..,..,..,..,..,1.5,..,..,..,..,..
"Algeria",DZA,..,..,..,..,..,..,..,..,..,..,..,..,..,..,..,..,..,..,..,..,..,..,..,..,..,..,..,8,..,..,..,..,9.2,..,..,11.3,..,..,..,..,5.4,..,11.1,..,..,..,3.4,..,..,..,..,..,3,..,..,..,..,..,..,2.7,..,..,..
"American Samoa",ASM,..,..,..,..,..,..,..,..,..,..,..,..,..,..,..,..,..,..,..,..,..,..,..,..,..,..,..,..,..,..,..,..,..,..,..,..,..,..,..,..,..,..,..,..,..,..,..,..,..,..,..,..,..,..,..,..,..,..,..,..,..,..,..
"Andorra",AND,..,..,..,..,..,..,..,..,..,..,..,..,..,..,..,..,..,..,..,..,..,..,..,..,..,..,..,..,..,..,..,..,..,..,..,..,..,..,..,..,..,..,..,..,..,..,..,..,..,..,..,..,..,..,..,..,..,..,..,..,..,..,..
"Angola",AGO,..,..,..,..,..,..,..,..,..,..,..,..,..,..,..,..,..,..,..,..,..,..,..,..,..,..,..,..,..,..,..,..,..,..,..,..,36.2,..,..,..,..,..,..,..,..,..,..,15.1,..,..,..,..,..,..,..,19,..,..,..,..,..,..,..
"Antigua and Barbuda",ATG,..,..,..,..,..,..,..,..,..,..,..,..,..,..,..,..,..,..,..,..,..,..,..,..,..,..,..,..,..,..,..,..,..,..,..,..,..,..,..,..,..,..,..,..,..,..,..,..,..,..,..,..,..,..,..,..,..,..,..,..,..,..,..
"Argentina",ARG,..,..,..,..,..,..,..,..,..,..,..,..,..,..,..,..,..,..,..,..,..,..,..,..,..,..,..,..,..,..,..,..,..,..,1.7,..,4.7,..,..,..,..,..,..,..,..,2.5,..,..,..,..,..,..,..,..,..,..,..,..,2,..,..,..,..
"Armenia",ARM,..,..,..,..,..,..,..,..,..,..,..,..,..,..,..,..,..,..,..,..,..,..,..,..,..,..,..,..,..,..,..,..,..,..,..,..,..,..,2.7,..,2.6,..,..,..,..,4.2,..,..,..,..,5.3,..,..,..,..,..,2.6,..,..,..,..,..,..
"Aruba",ABW,..,..,..,..,..,..,..,..,..,..,..,..,..,..,..,..,..,..,..,..,..,..,..,..,..,..,..,..,..,..,..,..,..,..,..,..,..,..,..,..,..,..,..,..,..,..,..,..,..,..,..,..,..,..,..,..,..,..,..,..,..,..,..
"Australia",AUS,..,..,..,..,..,..,..,..,..,..,..,..,..,..,..,..,..,..,..,..,..,..,..,..,..,..,..,..,..,..,..,..,..,..,..,0,..,..,..,..,..,..,..,..,..,..,..,0.5,..,..,..,..,..,..,..,..,..,..,..,..,..,..,..
"Austria",AUT,..,..,..,..,..,..,..,..,..,..,..,..,..,..,..,..,..,..,..,..,..,..,..,..,..,..,..,..,..,..,..,..,..,..,..,..,..,..,..,..,..,..,..,..,..,..,..,..,..,..,..,..,..,..,..,..,..,..,..,..,..,..,..
"Azerbaijan",AZE,..,..,..,..,..,..,..,..,..,..,..,..,..,..,..,..,..,..,..,..,..,..,..,..,..,..,..,..,..,..,..,..,..,..,..,..,8.8,..,..,..,14,5.9,..,..,..,..,8.4,..,..,..,..,6.5,..,4.9,..,..,..,..,..,..,..,..,..
"Bahamas, The",BHS,..,..,..,..,..,..,..,..,..,..,..,..,..,..,..,..,..,..,..,..,..,..,..,..,..,..,..,..,..,..,..,..,..,..,..,..,..,..,..,..,..,..,..,..,..,..,..,..,..,..,..,..,..,..,..,..,..,..,..,..,..,..,..
"Bahrain",BHR,..,..,..,..,..,..,..,..,..,..,..,..,..,..,..,..,..,..,..,..,..,..,..,..,..,..,..,..,..,6.3,..,..,..,..,..,7.6,..,..,..,..,..,..,..,..,..,..,..,..,..,..,..,..,..,..,..,..,..,..,..,..,..,..,..
"Bangladesh",BGD,..,..,..,..,..,..,..,..,..,..,..,..,..,..,..,..,..,..,..,..,..,..,..,..,..,..,66.8,..,..,..,61.5,61.2,60.6,56.1,58,55.2,54,53.6,50.7,49.5,42.4,43.2,41,38.9,42.8,39.7,37.9,41.3,..,..,..,36.7,34.4,31.9,32.8,28.9,..,..,21.9,22.6,..,..,..
"Barbados",BRB,..,..,..,..,..,..,..,..,..,..,..,..,..,..,..,..,..,..,..,..,..,..,..,..,..,..,..,..,..,..,..,..,..,..,..,..,..,..,..,..,..,..,..,..,..,..,..,..,..,..,..,..,3.5,..,..,..,..,..,..,..,..,..,..
"Belarus",BLR,..,..,..,..,..,..,..,..,..,..,..,..,..,..,..,..,..,..,..,..,..,..,..,..,..,..,..,..,..,..,..,..,..,..,..,..,..,..,..,..,..,..,..,..,..,1.3,..,..,..,..,..,..,..,..,..,..,..,..,..,..,..,..,..
"Belgium",BEL,..,..,..,..,..,..,..,..,..,..,..,..,..,..,..,..,..,..,..,..,..,..,..,..,..,..,..,..,..,..,..,..,..,..,..,..,..,..,..,..,..,..,..,..,..,..,..,..,..,..,..,..,..,..,1.1,..,..,..,..,..,..,..,..
"Belize",BLZ,..,..,..,..,..,..,..,..,..,..,..,..,..,..,..,..,..,..,..,..,..,..,..,..,..,..,..,..,..,..,..,..,5.4,..,..,..,..,..,..,..,..,..,..,..,..,..,5,..,..,..,..,6.2,..,..,..,4.6,..,..,..,..,..,..,..
"Benin",BEN,..,..,..,..,..,..,..,..,..,..,..,..,..,..,..,..,..,..,..,..,..,..,..,..,..,..,..,..,..,..,..,..,..,..,..,..,25.6,..,..,..,..,19.5,..,..,..,..,..,..,17.1,..,..,..,..,..,18,..,..,..,16.8,..,..,..,..
"Bermuda",BMU,..,..,..,..,..,..,..,..,..,..,..,..,..,..,..,..,..,..,..,..,..,..,..,..,..,..,..,..,..,..,..,..,..,..,..,..,..,..,..,..,..,..,..,..,..,..,..,..,..,..,..,..,..,..,..,..,..,..,..,..,..,..,..
"Bhutan",BTN,..,..,..,..,..,..,..,..,..,..,..,..,..,..,..,..,..,..,..,..,..,..,..,..,..,..,..,34,..,..,..,..,..,..,..,..,..,..,..,13.9,..,..,..,..,..,..,..,..,10.4,..,12.7,..,..,..,..,..,..,..,..,..,..,..,..
"Bolivia",BOL,..,..,..,..,..,..,..,..,..,..,..,..,..,..,..,..,..,..,..,..,..,..,..,..,..,..,..,..,9.8,8.5,9.7,10.2,10.5,..,12.4,..,..,..,5.9,..,..,..,..,5.8,..,..,..,..,4.5,..,..,..,3.6,..,..,..,3.4,..,..,..,..,..,..
"Bosnia and Herzegovina",BIH,..,..,..,..,..,..,..,..,..,..,..,..,..,..,..,..,..,..,..,..,..,..,..,..,..,..,..,..,..,..,..,..,..,..,..,..,..,..,..,..,4.2,..,..,..,..,..,1.6,..,..,..,..,..,1.6,..,..,..,..,..,..,..,..,..,..
"Botswana",BWA,..,..,..,..,..,..,..,..,..,..,..,..,..,..,..,..,..,..,..,..,..,..,..,..,..,..,..,..,..,..,..,..,..,..,..,..,15.1,..,..,..,11.1,..,..,..,..,..,..,11.8,..,..,..,..,..,..,..,..,..,..,..,..,..,..,..
"Brazil",BRA,..,..,..,..,..,..,..,..,..,..,..,..,..,..,..,..,..,..,..,..,..,..,..,..,..,..,..,..,..,5.6,..,..,..,..,..,..,4.5,..,..,..,..,..,..,..,..,..,..,2.2,..,..,..,..,..,..,..,..,..,..,..,3.1,..,..,..
"British Virgin Islands",VGB,..,..,..,..,..,..,..,..,..,..,..,..,..,..,..,..,..,..,..,..,..,..,..,..,..,..,..,..,..,..,..,..,..,..,..,..,..,..,..,..,..,..,..,..,..,..,..,..,..,..,..,..,..,..,..,..,..,..,..,..,..,..,..
"Brunei Darussalam",BRN,..,..,..,..,..,..,..,..,..,..,..,..,..,..,..,..,..,..,..,..,..,..,..,..,..,..,..,..,..,..,..,..,..,..,..,..,..,..,..,..,..,..,..,..,..,..,..,..,..,9.6,..,..,..,..,..,..,..,..,..,..,..,..,..
"Bulgaria",BGR,..,..,..,..,..,..,..,..,..,..,..,..,..,..,..,..,..,..,..,..,..,..,..,..,..,..,..,..,..,..,..,..,..,..,..,..,..,..,..,..,..,..,..,..,2,..,..,3.7,..,..,..,..,..,..,1.6,..,..,..,..,..,..,..,..
"Burkina Faso",BFA,..,..,..,..,..,..,..,..,..,..,..,..,..,..,..,..,..,..,..,..,..,..,..,..,..,..,..,..,..,..,..,..,..,28.7,..,..,..,..,..,30.9,..,..,..,..,..,..,..,..,..,26,26.2,25.1,24.3,20.9,20,22.8,18.9,16.2,17.7,16.4,12.6,17.7,..
"Burundi",BDI,..,..,..,..,..,..,..,..,..,..,..,..,..,..,..,..,..,..,..,..,..,..,..,..,..,..,..,32,..,..,..,..,..,..,..,..,..,..,..,..,39.1,..,..,..,..,35.2,..,..,..,..,29.1,..,..,..,..,..,29.3,..,29.6,27,27.7,..,27.6
"Cabo Verde",CPV,..,..,..,..,..,..,..,..,..,..,..,..,..,..,..,..,..,..,..,..,..,..,..,..,..,13.7,..,..,..,..,..,..,..,..,11.8,..,..,..,..,..,..,..,..,..,..,..,..,..,..,..,..,..,..,..,..,..,..,..,..,..,..,..,..
"Cambodia",KHM,..,..,..,..,..,..,..,..,..,..,..,..,..,..,..,..,..,..,..,..,..,..,..,..,..,..,..,..,..,..,..,..,..,..,..,..,42.6,..,..,..,39.7,..,..,..,..,28.3,..,..,28.3,..,28.9,..,..,..,24.1,..,..,..,..,..,..,16.3,..
"Cameroon",CMR,..,..,..,..,..,..,..,..,..,..,..,..,..,..,..,..,..,..,..,..,..,..,..,..,..,..,..,..,..,..,..,12.9,..,..,..,..,..,..,18,..,..,..,..,..,15.1,..,16.5,..,..,..,..,15.2,..,..,14.8,..,..,..,11,..,..,..,..
"Canada",CAN,..,..,..,..,..,..,..,..,..,..,..,..,..,..,..,..,..,..,..,..,..,..,..,..,..,..,..,..,..,..,..,..,..,..,..,..,..,..,..,..,..,..,..,..,..,..,..,..,..,..,..,..,..,..,..,..,..,..,..,..,..,..,..
"Cayman Islands",CYM,..,..,..,..,..,..,..,..,..,..,..,..,..,..,..,..,..,..,..,..,..,..,..,..,..,..,..,..,..,..,..,..,..,..,..,..,..,..,..,..,..,..,..,..,..,..,..,..,..,..,..,..,..,..,..,..,..,..,..,..,..,..,..
"Central African Republic",CAF,..,..,..,..,..,..,..,..,..,..,..,..,..,..,..,..,..,..,..,..,..,..,..,..,..,..,..,..,..,..,..,..,..,..,23.6,..,..,..,..,..,21.3,..,..,..,..,..,26.1,..,..,..,23.5,..,24.5,..,20,..,..,..,19.7,21.5,..,..,..
"Chad",TCD,..,..,..,..,..,..,..,..,..,..,..,..,..,..,..,..,..,..,..,..,..,..,..,..,..,..,..,..,..,..,..,..,..,..,..,..,..,34.3,..,..,29.2,..,..,..,33.9,..,..,..,..,..,30.3,..,..,..,..,29.4,..,24.3,24.7,29.2,18.9,21.4,18.9
"Channel Islands",CHI,..,..,..,..,..,..,..,..,..,..,..,..,..,..,..,..,..,..,..,..,..,..,..,..,..,..,..,..,..,..,..,..,..,..,..,..,..,..,..,..,..,..,..,..,..,..,..,..,..,..,..,..,..,..,..,..,..,..,..,..,..,..,..
"Chile",CHL,..,..,..,..,..,..,..,..,..,..,..,..,..,..,..,..,..,..,..,..,..,..,..,..,..,..,2.2,..,..,..,..,..,..,..,0.8,0.8,0.7,..,0.7,0.7,..,0.7,0.7,0.6,0.6,..,0.6,0.6,0.5,..,..,..,..,0.5,0.5,..,..,..,..,..,..,..,..
"China",CHN,..,..,..,..,..,..,..,..,..,..,..,..,..,..,..,..,..,..,..,..,..,..,..,..,..,..,..,18.7,..,..,12.6,..,14.2,..,..,10.7,..,..,6.9,..,7.4,..,6.8,..,..,4.5,..,..,3.8,3.4,3.4,..,..,2.4,..,..,..,..,..,..,..,..,..
"Colombia",COL,..,..,..,..,..,..,..,..,..,..,..,..,..,..,..,..,..,..,..,..,..,..,..,..,..,..,8.7,..,..,8.8,..,..,..,..,..,6.3,..,..,..,..,4.9,..,..,..,..,5,..,..,..,..,3.4,..,..,..,..,..,3.7,..,..,..,..,..,..
"Comoros",COM,..,..,..,..,..,..,..,..,..,..,..,..,..,..,..,..,..,..,..,..,..,..,..,..,..,..,..,..,..,..,..,..,15.2,..,..,..,22.4,..,..,..,25.1,..,..,..,..,..,..,..,..,..,..,..,16.9,..,..,..,..,..,..,..,..,..,..
"Congo, Dem. Rep.",COD,..,..,..,..,..,..,..,..,..,..,..,..,..,..,..,..,..,..,..,..,..,..,..,..,..,..,..,..,..,..,..,..,..,..,..,30.7,..,..,..,..,..,30.3,..,..,..,..,..,25.6,..,..,24.2,..,..,23.4,..,..,..,23.1,..,..,..,..,..
"Congo, Rep.",COG,..,..,..,..,..,..,..,..,..,..,..,..,..,..,..,..,..,..,..,..,..,..,..,..,..,..,..,16.4,..,..,..,..,..,..,..,..,..,..,..,..,..,..,..,..,..,11.9,..,..,..,..,..,11.8,..,..,12.3,..,..,..,..,..,..,..,..
"Costa Rica",CRI,..,..,..,..,..,..,..,..,..,..,..,..,..,..,..,..,..,..,..,..,..,..,..,..,..,..,..,..,..,2.4,2.5,2.2,2,2,1.9,..,3.8,..,..,..,..,..,..,..,..,..,..,..,0.9,..,..,..,..,..,..,..,..,..,2.9,..,..,..,..
"Cote d'Ivoire",CIV,..,..,..,..,..,..,..,..,..,..,..,..,..,..,..,..,..,..,..,..,..,..,..,..,..,..,11.7,..,..,..,..,..,..,..,20.9,..,..,..,18.2,..,..,..,..,..,..,..,..,28.3,..,..,..,..,15.7,..,..,..,12.8,..,..,..,..,14,..
"Croatia",HRV,..,..,..,..,..,..,..,..,..,..,..,..,..,..,..,..,..,..,..,..,..,..,..,..,..,..,..,..,..,..,..,..,..,..,..,..,..,..,..,..,..,..,..,..,..,..,..,..,..,..,..,..,..,..,..,..,..,..,..,..,..,..,..
"Cuba",CUB,..,..,..,..,..,..,..,..,..,..,..,..,..,..,..,..,..,..,..,..,..,..,..,..,..,..,..,..,..,..,..,..,..,..,..,..,..,..,..,..,3.4,..,..,..,..,..,..,..,..,..,..,..,..,..,..,..,..,..,..,2.4,..,..,..
"Curacao",CUW,..,..,..,..,..,..,..,..,..,..,..,..,..,..,..,..,..,..,..,..,..,..,..,..,..,..,..,..,..,..,..,..,..,..,..,..,..,..,..,..,..,..,..,..,..,..,..,..,..,..,..,..,..,..,..,..,..,..,..,..,..,..,..
"Cyprus",CYP,..,..,..,..,..,..,..,..,..,..,..,..,..,..,..,..,..,..,..,..,..,..,..,..,..,..,..,..,..,..,..,..,..,..,..,..,..,..,..,..,..,..,..,..,..,..,..,..,..,..,..,..,..,..,..,..,..,..,..,..,..,..,..
"Czechia",CZE,..,..,..,..,..,..,..,..,..,..,..,..,..,..,..,..,..,..,..,..,..,..,..,..,..,..,..,..,..,..,..,0.9,..,..,..,..,..,..,..,..,..,2.1,..,..,..,..,..,..,..,..,..,..,..,..,..,..,..,..,..,..,..,..,..
"Denmark",DNK,..,..,..,..,..,..,..,..,..,..,..,..,..,..,..,..,..,..,..,..,..,..,..,..,..,..,..,..,..,..,..,..,..,..,..,..,..,..,..,..,..,..,..,..,..,..,..,..,..,..,..,..,..,..,..,..,..,..,..,..,..,..,..
"Djibouti",DJI,..,..,..,..,..,..,..,..,..,..,..,..,..,..,..,..,..,..,..,..,..,..,..,..,..,..,..,..,..,20.2,..,..,..,..,..,..,16,..,..,..,..,..,..,..,..,..,..,..,..,..,..,22,..,26,..,..,..,..,..,16.2,..,..,..
"Dominica",DMA,..,..,..,..,..,..,..,..,..,..,..,..,..,..,..,..,..,..,..,..,..,..,..,..,..,..,..,..,..,..,..,..,..,..,..,..,..,..,..,..,..,..,..,..,..,..,..,..,..,..,..,..,..,..,..,..,..,..,..,..,..,..,..
"Dominican Republic",DOM,..,..,..,..,..,..,..,..,..,..,..,..,..,..,..,..,..,..,..,..,..,..,..,..,..,..,8,..,..,..,..,8.4,..,..,..,..,4.7,..,..,..,3.3,..,4.2,..,..,..,3.9,3.4,..,..,..,..,..,4,..,..,..,..,..,3,..,..,..
"Ecuador",ECU,..,..,..,..,..,..,..,..,..,..,..,..,..,..,..,..,..,..,..,..,..,..,..,..,..,..,14.5,..,..,..,..,..,..,..,..,..,..,..,..,10.4,..,..,..,..,6.7,..,6.8,..,..,..,..,..,6.4,..,5.1,..,..,..,..,5.2,..,..,..
"Egypt, Arab Rep.",EGY,..,..,..,..,..,..,..,..,..,..,..,..,..,..,..,..,..,..,..,..,..,..,..,..,..,..,..,..,10.4,..,..,10.5,8.2,..,..,10.8,..,10.2,9.4,..,..,..,..,8.7,..,5.4,..,..,6.8,..,..,..,..,..,7,..,..,..,..,..,..,..,..
"El Salvador",SLV,..,..,..,..,..,..,..,..,..,..,..,..,..,..,..,..,..,..,..,..,..,..,..,..,..,..,..,..,11.1,..,..,..,..,8,..,..,..,..,9.7,..,..,..,..,6.1,..,..,..,..,6.7,..,..,..,..,..,5,..,..,..,..,..,..,..,..
"Equatorial Guinea",GNQ,..,..,..,..,..,..,..,..,..,..,..,..,..,..,..,..,..,..,..,..,..,..,..,..,..,..,..,..,..,..,..,..,..,..,..,..,..,13.8,..,..,15.7,..,..,..,10.6,..,..,..,..,..,..,5.6,..,..,..,..,..,..,..,..,..,..,..
"Eritrea",ERI,..,..,..,..,..,..,..,..,..,..,..,..,..,..,..,..,..,..,..,..,..,..,..,..,..,..,..,..,..,..,..,..,..,36.9,..,39.3,..,..,..,..,..,..,34.3,..,..,..,..,..,..,..,39.4,..,..,..,..,..,..,..,..,..,..,..,..
"Estonia",EST,..,..,..,..,..,..,..,..,..,..,..,..,..,..,..,..,..,..,..,..,..,..,..,..,..,..,..,..,..,..,..,..,..,..,..,..,..,..,..,..,..,..,..,..,..,..,..,..,..,..,..,..,..,..,0.4,..,..,..,..,..,..,..,..
"Ethiopia",ETH,..,..,..,..,..,..,..,..,..,..,..,..,..,..,..,..,..,..,..,..,..,..,..,..,..,..,..,..,..,..,..,..,41.9,..,..,..,..,..,..,..,41.8,..,..,..,..,34.3,..,..,..,..,..,29.2,..,..,26.5,..,23.5,..,..,21.2,..,..,..
"Faroe Islands",FRO,..,..,..,..,..,..,..,..,..,..,..,..,..,..,..,..,..,..,..,..,..,..,..,..,..,..,..,..,..,..,..,..,..,..,..,..,..,..,..,..,..,..,..,..,..,..,..,..,..,..,..,..,..,..,..,..,..,..,..,..,..,..,..
"Fiji",FJI,..,..,..,..,..,..,..,..,..,..,..,..,..,..,..,..,..,..,..,..,..,..,..,..,..,..,..,..,..,..,..,..,..,6.9,..,..,..,..,..,..,..,..,..,..,5.4,..,..,..,..,..,..,..,..,..,..,..,..,..,..,..,..,4.6,..
"Finland",FIN,..,..,..,..,..,..,..,..,..,..,..,..,..,..,..,..,..,..,..,..,..,..,..,..,..,..,..,..,..,..,..,..,..,..,..,..,..,..,..,..,..,..,..,..,..,..,..,..,..,..,..,..,..,..,..,..,..,..,..,..,..,..,..
"France",FRA,..,..,..,..,..,..,..,..,..,..,..,..,..,..,..,..,..,..,..,..,..,..,..,..,..,..,..,..,..,..,..,..,..,..,..,..,..,..,..,..,..,..,..,..,..,..,..,..,..,..,..,..,..,..,..,..,..,..,..,..,..,..,..
"French Polynesia",PYF,..,..,..,..,..,..,..,..,..,..,..,..,..,..,..,..,..,..,..,..,..,..,..,..,..,..,..,..,..,..,..,..,..,..,..,..,..,..,..,..,..,..,..,..,..,..,..,..,..,..,..,..,..,..,..,..,..,..,..,..,..,..,..
"Gabon",GAB,..,..,..,..,..,..,..,..,..,..,..,..,..,..,..,..,..,..,..,..,..,..,..,..,..,..,..,..,..,..,..,..,..,..,..,..,..,..,..,..,9,..,..,..,..,..,..,..,..,..,..,..,6.4,..,..,..,..,..,..,..,5.4,..,..
"Gambia, The",GMB,..,..,..,..,..,..,..,..,..,..,..,..,..,..,..,..,..,..,..,..,..,..,..,..,..,..,..,..,..,..,..,..,..,..,..,..,23.2,..,..,..,15.4,..,..,..,..,..,15.8,..,..,..,17.4,..,17.9,16.5,..,..,..,..,13.9,..,11.6,..,..
"Georgia",GEO,..,..,..,..,..,..,..,..,..,..,..,..,..,..,..,..,..,..,..,..,..,..,..,..,..,..,..,..,..,..,..,..,..,..,..,..,..,..,..,2.7,..,..,..,..,..,2.4,..,..,..,1.1,..,..,..,..,..,..,..,..,2.1,..,..,..,..
"Germany",DEU,..,..,..,..,..,..,..,..,..,..,..,..,..,..,..,..,..,..,..,..,..,..,..,..,..,..,..,..,..,..,..,..,..,..,..,..,..,..,..,..,..,..,..,..,1.1,..,..,..,..,..,..,..,..,..,..,..,0.5,..,..,..,..,..,..
"Ghana",GHA,..,..,..,..,..,..,..,..,..,..,..,..,..,..,..,..,..,..,..,..,..,..,..,..,..,..,..,..,23.2,..,..,..,..,25.1,..,..,..,22.2,20.1,..,..,..,..,19,..,..,13.9,..,14.4,..,..,13.4,..,..,11.2,..,..,12.6,..,..,..,..,..
"Gibraltar",GIB,..,..,..,..,..,..,..,..,..,..,..,..,..,..,..,..,..,..,..,..,..,..,..,..,..,..,..,..,..,..,..,..,..,..,..,..,..,..,..,..,..,..,..,..,..,..,..,..,..,..,..,..,..,..,..,..,..,..,..,..,..,..,..
"Greece",GRC,..,..,..,..,..,..,..,..,..,..,..,..,..,..,..,..,..,..,..,..,..,..,..,..,..,..,..,..,..,..,..,..,..,..,..,..,..,..,..,..,..,..,..,0.5,..,..,..,..,..,..,..,..,..,..,..,..,..,..,..,..,..,..,..
"Greenland",GRL,..,..,..,..,..,..,..,..,..,..,..,..,..,..,..,..,..,..,..,..,..,..,..,..,..,..,..,..,..,..,..,..,..,..,..,..,..,..,..,..,..,..,..,..,..,..,..,..,..,..,..,..,..,..,..,..,..,..,..,..,..,..,..
"Grenada",GRD,..,..,..,..,..,..,..,..,..,..,..,..,..,..,..,..,..,..,..,..,..,..,..,..,..,..,..,..,..,..,..,..,..,..,..,..,..,..,..,..,..,..,..,..,..,..,..,..,..,..,..,..,..,..,..,..,..,..,..,..,..,..,..
"Guam",GUM,..,..,..,..,..,..,..,..,..,..,..,..,..,..,..,..,..,..,..,..,..,..,..,..,..,..,..,..,..,..,..,..,..,..,..,..,..,..,..,..,..,..,..,..,..,..,..,..,..,..,..,..,..,..,..,..,..,..,..,..,..,..,..
"Guatemala",GTM,..,..,..,..,..,..,..,..,..,..,..,..,..,..,..,..,..,..,..,..,..,..,..,..,..,..,..,27.5,..,..,..,..,..,..,..,21.7,..,..,..,20.3,18.8,..,18.2,..,..,..,..,..,..,14.1,..,..,..,..,..,12.4,..,..,..,..,..,14.4,..
"Guinea",GIN,..,..,..,..,..,..,..,..,..,..,..,..,..,..,..,..,..,..,..,..,..,..,..,..,..,..,..,..,..,..,..,..,..,..,21.2,..,..,..,..,20,..,..,..,..,..,22.7,..,16.4,..,..,..,..,18.8,..,..,..,18.3,..,16.3,..,..,..,..
"Guinea-Bissau",GNB,..,..,..,..,..,..,..,..,..,..,..,..,..,..,..,..,..,..,..,..,..,..,..,..,..,..,..,..,..,..,..,..,..,..,..,..,..,..,..,..,19.8,..,..,..,..,..,..,..,..,..,18,..,17,..,17,..,..,..,..,16.3,..,..,..
"Guyana",GUY,..,..,..,..,..,..,..,..,..,..,..,..,..,..,..,..,..,..,..,..,..,..,..,..,..,..,..,..,..,..,..,..,..,13.2,..,..,..,10.3,..,..,11.9,..,..,..,..,..,10.8,..,..,11,..,..,..,..,8.2,..,..,..,..,9.4,..,..,..
"Haiti",HTI,..,..,..,..,..,..,..,..,..,..,..,..,..,..,..,..,..,..,..,..,..,..,..,..,..,..,..,..,..,..,23.7,..,..,..,23.8,..,..,..,..,..,13.9,..,..,..,..,..,18.9,..,..,..,..,..,11.6,..,..,..,..,9.5,..,..,..,..,..
"Honduras",HND,..,..,..,..,..,..,..,..,..,..,..,..,..,..,..,..,..,..,..,..,..,..,..,..,..,..,..,18.1,..,..,..,15,..,..,16.1,..,18.2,..,..,..,..,12.8,..,..,..,..,8.7,..,..,..,..,..,7.1,..,..,..,..,..,..,7.1,..,..,..
"Hong Kong SAR, China",HKG,..,..,..,..,..,..,..,..,..,..,..,..,..,..,..,..,..,..,..,..,..,..,..,..,..,..,..,..,..,..,..,..,..,..,..,..,..,..,..,..,..,..,..,..,..,..,..,..,..,..,..,..,..,..,..,..,..,..,..,..,..,..,..
"Hungary",HUN,..,..,..,..,..,..,..,..,..,..,..,..,..,..,..,..,..,..,..,..,..,..,..,..,..,..,..,..,..,..,..,..,..,..,..,..,..,..,..,..,..,..,..,..,..,..,..,..,..,..,..,..,..,..,..,..,..,..,..,..,..,..,..
"Iceland",ISL,..,..,..,..,..,..,..,..,..,..,..,..,..,..,..,..,..,..,..,..,..,..,..,..,..,..,..,..,..,..,..,..,..,..,..,..,..,..,..,..,..,..,..,..,..,..,..,..,..,..,..,..,..,..,..,..,..,..,..,..,..,..,..
"India",IND,..,..,..,..,..,..,..,..,..,..,..,..,..,..,..,..,..,..,..,..,..,..,..,..,..,..,..,..,..,55.5,..,52.8,51.3,..,..,..,..,38.4,..,45.3,..,..,..,..,..,..,43.5,..,..,..,..,..,..,..,29.4,36.3,..,33.4,..,..,31.5,..,..
"Indonesia",IDN,..,..,..,..,..,..,..,..,..,..,..,..,..,..,..,..,..,..,..,..,..,..,..,..,..,..,..,35.9,..,31,..,..,29.8,..,..,..,30.3,..,25.8,22.8,24.7,23.4,23,23.1,19.7,24.4,..,19.6,..,..,18.6,..,..,19.9,..,..,..,..,17.7,..,..,..,..
"Iran, Islamic Rep.",IRN,..,..,..,..,..,..,..,..,..,..,..,..,..,..,..,..,..,..,..,..,..,..,..,..,..,..,..,..,..,..,..,..,..,..,..,13.8,..,..,9.5,..,..,..,..,..,4.6,..,..,..,..,..,4.1,..,..,..,..,..,..,4.3,..,..,..,..,..
"Iraq",IRQ,..,..,..,..,..,..,..,..,..,..,..,..,..,..,..,..,..,..,..,..,..,..,..,..,..,..,..,..,..,..,..,10.4,..,..,..,..,..,..,..,..,12.8,..,..,10.1,8,..,7.1,..,..,..,..,7.2,..,..,..,..,..,..,3.9,..,..,..,..
"Ireland",IRL,..,..,..,..,..,..,..,..,..,..,..,..,..,..,..,..,..,..,..,..,..,..,..,..,..,..,..,..,..,..,..,..,..,..,..,..,..,..,..,..,..,..,..,..,..,..,..,..,..,..,..,..,..,..,..,..,..,..,..,..,..,..,..
"Isle of Man",IMN,..,..,..,..,..,..,..,..,..,..,..,..,..,..,..,..,..,..,..,..,..,..,..,..,..,..,..,..,..,..,..,..,..,..,..,..,..,..,..,..,..,..,..,..,..,..,..,..,..,..,..,..,..,..,..,..,..,..,..,..,..,..,..
"Israel",ISR,..,..,..,..,..,..,..,..,..,..,..,..,..,..,..,..,..,..,..,..,..,..,..,..,..,..,..,..,..,..,..,..,..,..,..,..,..,..,..,..,..,..,..,..,..,..,..,..,..,..,..,..,..,..,..,..,..,..,..,..,..,..,..
"Italy",ITA,..,..,..,..,..,..,..,..,..,..,..,..,..,..,..,..,..,..,..,..,..,..,..,..,..,..,..,..,..,..,..,..,..,..,..,..,..,..,..,..,..,..,..,..,..,..,..,..,..,..,..,..,..,..,..,..,..,..,..,..,..,..,..
"Jamaica",JAM,..,..,..,..,..,..,..,..,..,..,..,..,..,..,..,..,..,..,..,..,..,..,..,..,..,..,..,..,..,5.8,..,5.6,5.7,6.1,4.6,4.8,5.6,3.5,3.8,2.1,3.9,4,2.7,..,3.1,..,4.8,1.8,2.4,..,3.4,..,2.7,..,2.2,..,4.4,..,2.5,..,..,..,..
"Japan",JPN,..,..,..,..,..,..,..,..,..,..,..,..,..,..,..,..,..,..,..,..,..,..,..,..,..,..,..,..,..,..,..,..,..,..,..,..,..,..,..,..,..,..,..,..,..,..,..,..,..,..,3.4,..,..,..,..,..,..,..,..,..,..,..,..
"Jordan",JOR,..,..,..,..,..,..,..,..,..,..,..,..,..,..,..,..,..,..,..,..,..,..,..,..,..,..,..,..,..,..,5.1,..,..,..,..,..,..,3.8,..,..,..,..,3.7,..,..,..,..,..,..,1.9,..,..,3,..,..,..,..,..,..,2.7,..,..,..
"Kazakhstan",KAZ,..,..,..,..,..,..,..,..,..,..,..,..,..,..,..,..,..,..,..,..,..,..,..,..,..,..,..,..,..,..,..,..,..,..,..,6.6,..,..,..,3.8,..,..,..,..,..,..,4.9,..,..,..,3.7,..,..,..,..,2,..,..,..,..,..,..,..
"Kenya",KEN,..,..,..,..,..,..,..,..,..,..,..,..,..,..,..,..,..,..,..,..,..,..,..,..,..,..,..,..,..,..,..,..,..,19.4,17.9,..,..,..,17.9,..,17.1,..,..,16.4,..,18,..,..,16.5,..,..,12.4,..,..,11.2,..,13,..,..,..,..,..,10.1
"Kiribati",KIR,..,..,..,..,..,..,..,..,..,..,..,..,..,..,..,..,..,..,..,..,..,..,..,..,..,11.3,..,..,..,..,..,..,..,..,..,..,..,..,..,..,..,..,..,..,..,..,..,..,..,15.1,..,..,..,..,..,..,..,..,6.9,..,..,..,..
"Korea, Dem. People's Rep.",PRK,..,..,..,..,..,..,..,..,..,..,..,..,..,..,..,..,..,..,..,..,..,..,..,..,..,..,..,..,..,..,..,..,..,..,..,..,..,..,55.5,..,24.7,..,17.7,..,20.6,..,..,..,..,18.8,..,..,15.2,..,..,..,..,9.3,..,..,..,..,..
"Korea, Rep.",KOR,..,..,..,..,..,..,..,..,..,..,..,..,..,..,..,..,..,..,..,..,..,..,..,..,..,..,..,..,..,..,..,..,..,..,..,..,..,..,..,..,..,..,..,0.9,..,..,..,..,..,..,..,0.8,..,..,0.9,..,..,0.9,..,..,0.3,..,..
"Kosovo",XKX,..,..,..,..,..,..,..,..,..,..,..,..,..,..,..,..,..,..,..,..,..,..,..,..,..,..,..,..,..,..,..,..,..,..,..,..,..,..,..,..,..,..,..,..,..,..,..,..,..,..,..,..,..,..,..,..,..,..,..,..,..,..,..
"Kuwait",KWT,..,..,..,..,..,..,..,..,..,..,..,..,..,..,..,..,..,..,..,..,..,..,..,..,..,..,..,..,..,..,..,..,..,..,..,..,1.5,..,..,..,..,2.2,2.1,2.3,2.8,2.7,2.7,2.9,2.3,1.7,1.7,2.1,2.2,3.1,3,3.2,3.3,3.6,3.7,2.8,2.5,..,..
"Kyrgyz Republic",KGZ,..,..,..,..,..,..,..,..,..,..,..,..,..,..,..,..,..,..,..,..,..,..,..,..,..,..,..,..,..,..,..,..,..,..,..,..,..,8.1,..,..,..,..,..,..,..,..,2.7,..,..,4.7,..,..,3.8,..,2.8,..,..,..,1.8,..,..,..,..
"Lao PDR",LAO,..,..,..,..,..,..,..,..,..,..,..,..,..,..,..,..,..,..,..,..,..,..,..,..,..,..,..,..,..,..,..,..,..,39.8,35.9,..,..,..,..,..,35.6,..,..,..,..,..,31.6,..,..,..,..,26.6,..,..,..,25.5,..,21.1,..,..,..,..,..
"Latvia",LVA,..,..,..,..,..,..,..,..,..,..,..,..,..,..,..,..,..,..,..,..,..,..,..,..,..,..,..,..,..,..,..,..,..,..,..,..,..,..,..,..,..,..,..,..,..,..,..,..,..,..,..,..,..,..,..,..,..,..,..,..,..,0,..
"Lebanon",LBN,..,..,..,..,..,..,..,..,..,..,..,..,..,..,..,..,..,..,..,..,..,..,..,..,..,..,..,..,..,..,..,..,..,..,..,..,..,..,..,..,..,..,..,..,4.2,..,..,..,..,..,..,..,..,..,..,..,..,..,..,..,..,3.4,..
"Lesotho",LSO,..,..,..,..,..,..,..,..,..,..,..,..,..,..,..,..,..,..,..,..,..,..,..,..,..,..,..,..,..,..,..,..,13.8,18.9,..,..,..,..,..,..,..,..,..,..,16.6,..,..,..,..,13.4,..,..,..,..,10.5,..,..,..,10.5,..,..,..,..
"Liberia",LBR,..,..,..,..,..,..,..,..,..,..,..,..,..,..,..,..,..,..,..,..,..,..,..,..,..,..,..,..,..,..,..,..,..,..,..,..,..,..,..,..,22.8,..,..,..,..,..,..,20.4,..,..,16.6,..,..,15.3,..,..,13.6,..,..,10.9,..,..,..
"Libya",LBY,..,..,..,..,..,..,..,..,..,..,..,..,..,..,..,..,..,..,..,..,..,..,..,..,..,..,..,..,..,..,..,..,..,..,..,4.2,..,..,..,..,..,..,..,..,..,..,..,5.6,..,..,..,..,..,..,11.7,..,..,..,..,..,..,..,..
"Liechtenstein",LIE,..,..,..,..,..,..,..,..,..,..,..,..,..,..,..,..,..,..,..,..,..,..,..,..,..,..,..,..,..,..,..,..,..,..,..,..,..,..,..,..,..,..,..,..,..,..,..,..,..,..,..,..,..,..,..,..,..,..,..,..,..,..,..
"Lithuania",LTU,..,..,..,..,..,..,..,..,..,..,..,..,..,..,..,..,..,..,..,..,..,..,..,..,..,..,..,..,..,..,..,..,..,..,..,..,..,..,..,..,..,..,..,..,..,..,..,..,..,..,..,..,..,..,..,..,..,..,..,..,..,2.6,..
"Luxembourg",LUX,..,..,..,..,..,..,..,..,..,..,..,..,..,..,..,..,..,..,..,..,..,..,..,..,..,..,..,..,..,..,..,..,..,..,..,..,..,..,..,..,..,..,..,..,..,..,..,..,..,..,..,..,..,..,..,..,..,..,..,..,..,..,..
"Macao SAR, China",MAC,..,..,..,..,..,..,..,..,..,..,..,..,..,..,..,..,..,..,..,..,..,..,..,..,..,..,..,..,..,..,..,..,..,..,..,..,..,..,..,..,..,..,..,..,..,..,..,..,..,..,..,..,..,..,..,..,..,..,..,..,..,..,..
"North Macedonia",MKD,..,..,..,..,..,..,..,..,..,..,..,..,..,..,..,..,..,..,..,..,..,..,..,..,..,..,..,..,..,..,..,..,..,..,..,..,..,..,..,2.1,..,..,..,..,..,1.8,..,..,..,..,..,1.3,..,..,..,..,..,..,..,0.9,..,..,..
"Madagascar",MDG,..,..,..,..,..,..,..,..,..,..,..,..,..,..,..,..,..,..,..,..,..,..,..,..,..,..,..,..,..,..,..,..,35.2,40.9,..,30.4,..,35.6,..,..,..,..,..,..,36.7,..,..,..,..,..,..,..,32.6,..,..,..,..,..,26.4,..,..,22.6,..
"Malawi",MWI,..,..,..,..,..,..,..,..,..,..,..,..,..,..,..,..,..,..,..,..,..,..,..,..,..,..,..,..,..,..,..,..,24.4,..,..,26.5,..,..,23.5,..,21.5,..,21.7,..,18.6,..,15.6,..,..,11.7,13.9,..,..,..,16.7,11.8,14.6,12.3,11.5,8.8,12.8,..,..
"Malaysia",MYS,..,..,..,..,..,..,..,..,..,..,..,..,..,..,..,..,..,..,..,..,..,..,..,..,..,..,..,..,..,..,22.1,23.1,22.6,20.5,19.7,17.7,..,..,..,16.7,..,..,..,..,..,..,12.7,..,..,..,..,..,..,..,..,12.4,13.7,..,..,14.1,..,..,..
"Maldives",MDV,..,..,..,..,..,..,..,..,..,..,..,..,..,..,..,..,..,..,..,..,..,..,..,..,..,..,..,..,..,..,..,..,..,..,32.5,39,..,37.9,..,..,..,25.7,..,..,..,..,..,..,..,17.7,..,..,..,..,..,..,..,14.8,..,..,..,..,..
"Mali",MLI,..,..,..,..,..,..,..,..,..,..,..,..,..,..,..,..,..,..,..,..,..,..,..,..,..,..,..,27.4,..,..,..,..,..,..,..,..,39.6,..,..,..,..,30,..,..,..,..,27.9,..,..,..,18.9,20,..,..,24.1,25,20.2,17.1,18.6,16.9,14.9,17.5,18.5
"Malta",MLT,..,..,..,..,..,..,..,..,..,..,..,..,..,..,..,..,..,..,..,..,..,..,..,..,..,..,..,..,..,..,..,..,..,..,..,..,..,..,..,..,..,..,..,..,..,..,..,..,..,..,..,..,..,..,..,..,..,..,..,..,..,..,..
"Marshall Islands",MHL,..,..,..,..,..,..,..,..,..,..,..,..,..,..,..,..,..,..,..,..,..,..,..,..,..,..,..,..,..,..,..,..,..,..,..,..,..,..,..,..,..,..,..,..,..,..,..,..,..,..,..,..,..,..,..,..,..,11.9,..,..,..,..,..
"Mauritania",MRT,..,..,..,..,..,..,..,..,..,..,..,..,..,..,..,..,..,..,..,..,..,..,..,..,..,..,..,..,..,..,..,..,..,..,..,..,20.3,..,..,..,29.7,..,..,..,..,..,..,25.5,16.5,..,..,24.4,20.4,..,..,24.9,..,..,19.2,17.3,16.8,14.8,22.4
"Mauritius",MUS,..,..,..,..,..,..,..,..,..,..,..,..,..,..,..,..,..,..,..,..,..,..,..,..,..,21.1,..,..,..,..,..,..,..,..,..,13,..,..,..,..,..,..,..,..,..,..,..,..,..,..,..,..,..,..,..,..,..,..,..,..,..,..,..
"Mexico",MEX,..,..,..,..,..,..,..,..,..,..,..,..,..,..,..,..,..,..,..,..,..,..,..,..,..,..,..,..,10.9,9.6,..,..,..,..,..,..,10.3,..,5.6,..,..,..,4.2,..,..,6,3.4,..,..,..,..,..,2.8,..,..,3.9,4.2,..,..,4.7,4.6,4.2,..
"Micronesia, Fed. Sts.",FSM,..,..,..,..,..,..,..,..,..,..,..,..,..,..,..,..,..,..,..,..,..,..,..,..,..,..,..,..,..,..,..,..,..,..,..,..,..,..,..,..,..,..,..,..,..,..,..,..,..,..,..,..,..,..,..,..,..,..,..,..,..,..,..
"Moldova",MDA,..,..,..,..,..,..,..,..,..,..,..,..,..,..,..,..,..,..,..,..,..,..,..,..,..,..,..,..,..,..,..,..,..,..,..,..,..,..,..,..,..,..,..,..,..,3.2,..,..,..,..,..,..,2.2,..,..,..,..,..,..,..,..,..,..
"Monaco",MCO,..,..,..,..,..,..,..,..,..,..,..,..,..,..,..,..,..,..,..,..,..,..,..,..,..,..,..,..,..,..,..,..,..,..,..,..,..,..,..,..,..,..,..,..,..,..,..,..,..,..,..,..,..,..,..,..,..,..,..,..,..,..,..
"Mongolia",MNG,..,..,..,..,..,..,..,..,..,..,..,..,..,..,..,..,..,..,..,..,..,..,..,..,..,..,..,..,..,..,..,..,11.8,..,..,..,..,..,..,10.8,11.6,..,..,..,5.1,5.3,..,..,..,..,3.3,..,..,1.6,..,..,0.8,..,1.8,..,..,..,..
"Montenegro",MNE,..,..,..,..,..,..,..,..,..,..,..,..,..,..,..,..,..,..,..,..,..,..,..,..,..,..,..,..,..,..,..,..,..,..,..,..,..,..,..,..,..,..,..,..,..,2.2,..,..,..,..,..,..,..,1,..,..,..,..,3.7,..,..,..,..
"Morocco",MAR,..,..,..,..,..,..,..,..,..,..,..,..,..,..,..,..,..,..,..,..,..,..,..,..,..,..,..,10.4,..,..,..,..,8.1,..,..,..,..,7.7,..,..,..,..,..,9.8,..,..,..,..,..,..,..,2.9,..,..,..,..,..,2.6,..,2.8,..,..,..
"Mozambique",MOZ,..,..,..,..,..,..,..,..,..,..,..,..,..,..,..,..,..,..,..,..,..,..,..,..,..,..,..,..,..,..,..,..,..,..,..,23.9,..,24.6,..,..,..,24.5,..,21.2,..,..,..,..,18.2,..,..,15.6,..,..,..,15.6,..,..,..,..,14.8,..,..
"Myanmar",MMR,..,..,..,..,..,..,..,..,..,..,..,..,..,..,..,..,..,..,..,..,..,..,..,..,..,..,..,..,..,..,32.5,37,..,..,31.2,38.7,..,28.1,..,..,30,..,..,29.2,..,..,..,..,..,22.6,..,..,..,..,..,..,18.5,..,19.5,..,..,..,..
"Namibia",NAM,..,..,..,..,..,..,..,..,..,..,..,..,..,..,..,..,..,..,..,..,..,..,..,..,..,..,..,..,..,..,..,..,21.4,..,..,..,..,..,..,..,20.2,..,..,..,..,..,..,17.4,..,..,..,..,..,13.2,..,..,..,..,..,..,..,..,..
"Nauru",NRU,..,..,..,..,..,..,..,..,..,..,..,..,..,..,..,..,..,..,..,..,..,..,..,..,..,..,..,..,..,..,..,..,..,..,..,..,..,..,..,..,..,..,..,..,..,..,..,4.8,..,..,..,..,..,..,..,..,..,..,..,..,..,..,..
"Nepal",NPL,..,..,..,..,..,..,..,..,..,..,..,..,..,..,..,..,..,..,..,..,..,..,..,..,..,..,..,..,..,..,..,..,..,..,..,42.6,42.9,..,36.5,..,..,42.8,..,..,..,..,38.6,..,..,..,..,28.9,..,..,29.7,..,27.3,..,..,24.4,..,..,18.7
"Netherlands",NLD,..,..,..,..,..,..,..,..,..,..,..,..,..,..,..,..,..,..,..,..,..,..,..,..,..,..,..,..,..,..,..,..,..,..,..,..,1.1,..,..,..,..,..,..,..,..,..,..,..,..,1,..,..,..,..,..,..,..,..,..,..,..,..,..
"New Caledonia",NCL,..,..,..,..,..,..,..,..,..,..,..,..,..,..,..,..,..,..,..,..,..,..,..,..,..,..,..,..,..,..,..,..,..,..,..,..,..,..,..,..,..,..,..,..,..,..,..,..,..,..,..,..,..,..,..,..,..,..,..,..,..,..,..
"New Zealand",NZL,..,..,..,..,..,..,..,..,..,..,..,..,..,..,..,..,..,..,..,..,..,..,..,..,..,..,..,..,..,..,..,..,..,..,..,..,..,..,..,..,..,..,..,..,..,..,..,..,..,..,..,..,..,..,..,..,..,..,..,..,..,..,..
"Nicaragua",NIC,..,..,..,..,..,..,..,..,..,..,..,..,..,..,..,..,..,..,..,..,..,..,..,..,..,..,..,..,..,..,..,..,..,9.6,..,..,..,..,10.3,..,..,7.7,..,..,3.4,..,..,5.7,..,..,..,..,4.6,..,..,..,..,..,..,..,..,..,..
"Niger",NER,..,..,..,..,..,..,..,..,..,..,..,..,..,..,..,..,..,..,..,..,..,..,..,..,..,45,..,..,..,..,..,..,38.7,..,..,..,..,..,46.7,..,43.1,..,..,..,..,..,39.9,37.9,34.6,33.5,40,36.2,38,33.1,34.6,35.8,32,..,37.5,31.3,33.4,33.2,34.6
"Nigeria",NGA,..,..,..,..,..,..,..,..,..,..,..,..,..,..,..,..,..,..,..,..,..,..,..,..,..,..,..,..,..,..,33.1,..,..,35.1,..,..,..,..,..,..,..,..,..,26.7,..,..,..,..,..,..,..,24.2,..,..,20.6,19.5,31.5,..,21.8,..,18.4,..,..
"Northern Mariana Islands",MNP,..,..,..,..,..,..,..,..,..,..,..,..,..,..,..,..,..,..,..,..,..,..,..,..,..,..,..,..,..,..,..,..,..,..,..,..,..,..,..,..,..,..,..,..,..,..,..,..,..,..,..,..,..,..,..,..,..,..,..,..,..,..,..
"Norway",NOR,..,..,..,..,..,..,..,..,..,..,..,..,..,..,..,..,..,..,..,..,..,..,..,..,..,..,..,..,..,..,..,..,..,..,..,..,..,..,..,..,..,..,..,..,..,..,..,..,..,..,..,..,..,..,..,..,..,..,..,..,..,..,..
"Oman",OMN,..,..,..,..,..,..,..,..,..,..,..,..,..,..,..,..,..,..,..,..,..,..,..,..,..,..,..,..,..,..,..,18.6,..,..,10.7,..,..,..,..,13,..,..,..,..,..,..,..,..,..,8.6,..,..,..,..,9.7,..,..,11.2,..,..,..,..,..
"Pakistan",PAK,..,..,..,..,..,..,..,..,..,..,..,..,..,..,..,..,..,..,..,..,..,..,..,..,..,..,44.4,..,..,..,..,38.4,35.3,..,..,34.2,..,..,..,..,..,31.2,..,..,..,..,..,..,..,..,..,31.4,..,31.8,..,..,..,..,23.1,..,..,..,..
"Palau",PLW,..,..,..,..,..,..,..,..,..,..,..,..,..,..,..,..,..,..,..,..,..,..,..,..,..,..,..,..,..,..,..,..,..,..,..,..,..,..,..,..,..,..,..,..,..,..,..,..,..,..,..,..,..,..,..,..,..,..,..,..,..,..,..
"Panama",PAN,..,..,..,..,..,..,..,..,..,..,..,..,..,..,..,..,..,..,..,..,..,..,..,..,..,..,..,..,..,..,..,..,..,..,..,..,..,5,..,..,..,..,..,5.3,..,..,..,..,3.9,..,..,..,..,..,..,..,..,..,..,2.9,..,..,..
"Papua New Guinea",PNG,..,..,..,..,..,..,..,..,..,..,..,..,..,..,..,..,..,..,..,..,..,..,..,22.8,..,..,..,..,..,..,..,..,..,..,..,..,..,..,..,..,..,..,..,..,..,17.2,..,..,..,..,27.8,..,..,..,..,..,..,..,..,..,..,..,..
"Paraguay",PRY,..,..,..,..,..,..,..,..,..,..,..,..,..,..,..,..,..,..,..,..,..,..,..,..,..,..,..,..,..,..,2.8,..,..,..,..,..,..,..,..,..,..,..,..,..,..,3.4,..,..,..,..,..,..,2.6,..,..,..,1.3,..,..,..,..,..,..
"Peru",PER,..,..,..,..,..,..,..,..,..,..,..,..,..,..,..,..,..,..,..,..,..,..,..,..,..,..,..,..,..,..,..,8.8,..,..,..,..,5.7,..,..,..,5.2,..,..,..,..,5.4,..,4.3,..,4.3,4.3,4.2,3.4,3.6,3.2,3.4,3.2,3.2,2.6,2.4,2.2,2.1,..
"Philippines",PHL,..,..,..,..,..,..,..,..,..,..,..,..,..,..,..,..,..,..,..,..,..,..,..,..,..,..,..,29.3,..,..,29.9,..,29.8,26.3,..,..,..,..,28.3,..,..,..,..,20.7,..,..,..,..,20.6,..,..,20.2,..,19.9,..,21.4,..,..,..,..,..,..,..
"Poland",POL,..,..,..,..,..,..,..,..,..,..,..,..,..,..,..,..,..,..,..,..,..,..,..,..,..,..,..,..,..,..,..,..,..,..,..,..,..,..,..,..,..,..,..,..,..,..,..,..,..,..,..,0.8,..,..,..,..,..,..,..,..,..,..,..
"Portugal",PRT,..,..,..,..,..,..,..,..,..,..,..,..,..,..,..,..,..,..,..,..,..,..,..,..,..,..,..,..,..,..,..,..,..,..,..,..,..,..,..,..,..,..,..,..,..,..,..,..,..,..,..,..,..,..,..,..,0.9,..,..,..,..,..,..
"Puerto Rico",PRI,..,..,..,..,..,..,..,..,..,..,..,..,..,..,..,..,..,..,..,..,..,..,..,..,..,..,..,..,..,..,..,..,..,..,..,..,..,..,..,..,..,..,..,..,..,..,..,..,..,..,..,..,..,..,..,..,..,..,..,..,..,..,..
"Qatar",QAT,..,..,..,..,..,..,..,..,..,..,..,..,..,..,..,..,..,..,..,..,..,..,..,..,..,..,..,..,..,..,..,..,..,..,..,4.8,..,..,..,..,..,..,..,..,..,..,..,..,..,..,..,..,..,..,..,..,..,..,..,..,..,..,..
"Romania",ROU,..,..,..,..,..,..,..,..,..,..,..,..,..,..,..,..,..,..,..,..,..,..,..,..,..,..,..,..,..,..,..,5,..,..,..,..,..,..,..,3.4,3.7,3.8,3.5,..,..,..,..,..,..,..,..,..,..,..,..,..,..,..,..,..,..,..,..
"Russian Federation",RUS,..,..,..,..,..,..,..,..,..,..,..,..,..,..,..,..,..,..,..,..,..,..,..,..,..,..,..,..,..,..,..,..,..,..,..,..,..,..,..,..,..,..,..,..,..,..,..,..,..,..,..,..,..,..,..,..,..,..,..,..,..,..,..
"Rwanda",RWA,..,..,..,..,..,..,..,..,..,..,..,..,..,..,..,..,..,..,..,..,..,..,..,..,..,..,..,..,..,..,..,..,24.2,..,..,..,22.6,..,..,..,20.3,..,..,..,..,17.9,..,..,..,14.3,11.7,..,11.8,..,..,9.6,..,..,12.2,..,7.7,..,..
"Samoa",WSM,..,..,..,..,..,..,..,..,..,..,..,..,..,..,..,..,..,..,..,..,..,..,..,..,..,..,..,..,..,..,..,..,..,..,..,..,..,..,..,1.7,..,..,..,..,..,..,..,..,..,..,..,..,..,..,3.2,..,..,..,..,3.4,..,..,..
"San Marino",SMR,..,..,..,..,..,..,..,..,..,..,..,..,..,..,..,..,..,..,..,..,..,..,..,..,..,..,..,..,..,..,..,..,..,..,..,..,..,..,..,..,..,..,..,..,..,..,..,..,..,..,..,..,..,..,..,..,..,..,..,..,..,..,..
"Sao Tome and Principe",STP,..,..,..,..,..,..,..,..,..,..,..,..,..,..,..,..,..,..,..,..,..,..,..,..,..,..,14.5,..,..,..,..,..,..,..,..,..,..,..,..,..,..,..,..,..,..,..,..,..,..,..,..,..,..,..,8.8,..,..,..,..,5.4,..,..,..
"Saudi Arabia",SAU,..,..,..,..,..,..,..,..,..,..,..,..,..,..,..,..,..,..,..,..,..,..,..,..,..,..,..,..,..,..,..,..,..,..,13.5,..,..,..,..,..,..,..,..,..,5.3,..,..,..,..,..,..,..,..,..,..,5.8,4.6,6.2,3.3,4,3.5,..,..
"Senegal",SEN,..,..,..,..,..,..,..,..,..,..,..,..,..,..,..,..,..,..,..,..,..,..,..,..,..,..,17,..,..,..,..,20.4,..,19,..,..,19.6,..,..,..,17.8,..,..,..,..,14.5,..,..,..,..,..,18.4,14.4,16.7,12.8,16.1,13.8,14.4,15.1,14.4,..,..,..
"Serbia",SRB,..,..,..,..,..,..,..,..,..,..,..,..,..,..,..,..,..,..,..,..,..,..,..,..,..,..,..,..,..,..,..,..,..,..,..,..,..,..,..,..,..,..,..,..,..,1.8,..,..,..,..,1.6,..,..,..,1.8,..,..,..,..,1,..,..,..
"Seychelles",SYC,..,..,..,..,..,..,..,..,..,..,..,..,..,..,..,..,..,..,..,..,..,..,..,..,..,..,..,..,5,..,..,..,..,..,..,..,..,..,..,..,..,..,..,..,..,..,..,..,..,..,..,..,3.8,..,..,..,..,..,..,..,..,..,..
"Sierra Leone",SLE,..,..,..,..,..,..,..,..,..,..,..,..,..,..,..,..,..,..,..,..,..,..,..,..,..,..,..,..,..,23.7,25.4,..,..,..,..,..,..,..,..,..,23.4,..,..,..,..,27.2,..,..,..,..,18.5,..,..,..,13,..,..,15.6,..,13.5,..,12,..
"Singapore",SGP,..,..,..,..,..,..,..,..,..,..,..,..,..,..,..,..,..,..,..,..,..,..,..,..,..,..,..,..,..,..,..,..,..,..,..,..,..,..,..,..,3.3,..,..,..,..,..,..,..,..,..,..,..,..,..,..,..,..,..,..,..,..,..,..
"Sint Maarten (Dutch part)",SXM,..,..,..,..,..,..,..,..,..,..,..,..,..,..,..,..,..,..,..,..,..,..,..,..,..,..,..,..,..,..,..,..,..,..,..,..,..,..,..,..,..,..,..,..,..,..,..,..,..,..,..,..,..,..,..,..,..,..,..,..,..,..,..
"Slovak Republic",SVK,..,..,..,..,..,..,..,..,..,..,..,..,..,..,..,..,..,..,..,..,..,..,..,..,..,..,..,..,..,..,..,..,..,..,..,..,..,..,..,..,..,..,..,..,..,..,..,..,..,..,..,..,..,..,..,..,..,..,..,..,..,..,..
"Slovenia",SVN,..,..,..,..,..,..,..,..,..,..,..,..,..,..,..,..,..,..,..,..,..,..,..,..,..,..,..,..,..,..,..,..,..,..,..,..,..,..,..,..,..,..,..,..,..,..,..,..,..,..,..,..,..,..,..,..,..,..,..,..,..,..,..
"Solomon Islands",SLB,..,..,..,..,..,..,..,..,..,..,..,..,..,..,..,..,..,..,..,..,..,..,..,..,..,..,..,..,..,16.3,..,..,..,..,..,..,..,..,..,..,..,..,..,..,..,..,..,11.8,..,..,..,..,..,..,..,16.2,..,..,..,..,..,..,..
"Somalia",SOM,..,..,..,..,..,..,..,..,..,..,..,..,..,..,..,..,..,..,..,..,..,..,..,..,..,..,..,..,..,..,..,..,..,..,..,..,..,..,..,22.8,..,..,..,..,..,..,32.8,..,..,22.5,..,..,..,..,..,..,..,..,..,..,..,..,..
"South Africa",ZAF,..,..,..,..,..,..,..,..,..,..,..,..,..,..,..,..,..,..,..,..,..,..,..,..,..,..,..,..,..,..,..,..,..,..,8,..,..,..,..,9.8,..,..,..,..,..,..,..,..,8.6,..,..,..,..,..,..,5.8,5.9,4.9,..,..,..,..,..
"South Sudan",SSD,..,..,..,..,..,..,..,..,..,..,..,..,..,..,..,..,..,..,..,..,..,..,..,..,..,..,..,..,..,..,..,..,..,..,..,..,..,..,..,..,..,..,..,..,..,..,32.5,..,..,..,27.7,..,..,..,..,..,..,..,..,..,..,..,..
"Spain",ESP,..,..,..,..,..,..,..,..,..,..,..,..,..,..,..,..,..,..,..,..,..,..,..,..,..,..,..,..,..,..,..,..,..,..,..,..,..,..,..,..,..,..,..,..,..,..,..,..,..,..,..,..,..,..,..,..,..,..,..,..,..,..,..
"Sri Lanka",LKA,..,..,..,..,..,..,..,..,..,..,..,..,..,..,..,..,..,..,..,..,..,..,..,..,..,..,..,31.5,..,..,..,..,..,29.1,..,29.3,..,..,..,..,22.9,..,..,..,..,..,..,22.1,..,21.6,..,..,26.1,..,..,..,20.5,..,..,..,..,..,..
"St. Kitts and Nevis",KNA,..,..,..,..,..,..,..,..,..,..,..,..,..,..,..,..,..,..,..,..,..,..,..,..,..,..,..,..,..,..,..,..,..,..,..,..,..,..,..,..,..,..,..,..,..,..,..,..,..,..,..,..,..,..,..,..,..,..,..,..,..,..,..
"St. Lucia",LCA,..,..,..,..,..,..,..,..,..,..,..,..,..,..,..,..,..,..,..,..,..,..,..,..,..,..,..,..,..,..,..,..,..,..,..,..,..,..,..,..,..,..,..,..,..,..,..,..,..,..,..,..,2.8,..,..,..,..,..,..,..,..,..,..
"St. Martin (French part)",MAF,..,..,..,..,..,..,..,..,..,..,..,..,..,..,..,..,..,..,..,..,..,..,..,..,..,..,..,..,..,..,..,..,..,..,..,..,..,..,..,..,..,..,..,..,..,..,..,..,..,..,..,..,..,..,..,..,..,..,..,..,..,..,..
"St. Vincent and the Grenadines",VCT,..,..,..,..,..,..,..,..,..,..,..,..,..,..,..,..,..,..,..,..,..,..,..,..,..,..,..,..,..,..,..,..,..,..,..,..,..,..,..,..,..,..,..,..,..,..,..,..,..,..,..,..,..,..,..,..,..,..,..,..,..,..,..
"Sudan",SDN,..,..,..,..,..,..,..,..,..,..,..,..,..,..,..,..,..,..,..,..,..,..,..,..,..,..,..,..,..,..,..,..,..,..,..,..,..,..,..,..,..,..,..,..,..,..,27,..,..,..,29.8,..,..,..,33,..,..,..,..,..,..,..,..
"Suriname",SUR,..,..,..,..,..,..,..,..,..,..,..,..,..,..,..,..,..,..,..,..,..,..,..,..,..,..,..,..,..,..,..,..,..,..,..,..,..,..,..,..,11.1,..,..,..,..,..,7.5,..,..,..,5.8,..,..,..,..,..,..,..,6.7,..,..,..,..
"Eswatini",SWZ,..,..,..,..,..,..,..,..,..,..,..,..,..,..,..,..,..,..,..,..,..,..,..,..,..,..,..,..,..,..,..,..,..,..,..,..,..,..,..,..,9.1,..,..,..,..,..,6,..,7.3,..,5.9,..,..,..,5.8,..,..,..,..,..,..,..,..
"Sweden",SWE,..,..,..,..,..,..,..,..,..,..,..,..,..,..,..,..,..,..,..,..,..,..,..,..,..,..,..,..,..,..,..,..,..,..,..,..,..,..,..,..,..,..,..,..,..,..,..,..,..,..,..,..,..,..,..,..,..,..,..,..,..,..,..
"Switzerland",CHE,..,..,..,..,..,..,..,..,..,..,..,..,..,..,..,..,..,..,..,..,..,..,..,..,..,..,..,..,..,..,..,..,..,..,..,..,..,..,..,..,..,..,..,..,..,..,..,..,..,..,..,..,..,..,..,..,..,..,..,..,..,..,..
"Syrian Arab Republic",SYR,..,..,..,..,..,..,..,..,..,..,..,..,..,..,..,..,..,..,..,..,..,..,..,..,..,..,..,..,..,..,..,..,..,11.5,..,11.3,..,..,..,..,6,11.5,..,..,..,..,10,..,..,..,10.4,..,..,..,..,..,..,..,..,..,..,..,..
"Tajikistan",TJK,..,..,..,..,..,..,..,..,..,..,..,..,..,..,..,..,..,..,..,..,..,..,..,..,..,..,..,..,..,..,..,..,..,..,..,..,..,..,..,..,..,..,..,..,..,14.9,..,15.1,..,8.2,..,..,13.3,..,..,..,6.4,7.6,..,..,..,..,..
"Tanzania",TZA,..,..,..,..,..,..,..,..,..,..,..,..,..,..,..,..,..,..,..,..,..,..,..,..,..,..,..,..,..,..,..,24.8,..,..,..,..,26.8,..,..,25.3,..,..,..,..,16.7,..,..,..,..,16.4,16.1,14.1,..,13.1,13.4,13.7,..,..,14.6,13.2,..,..,12.1
"Thailand",THA,..,..,..,..,..,..,..,..,..,..,..,..,..,..,..,..,..,..,..,..,..,..,..,..,..,..,..,18.2,..,..,..,..,..,16.3,..,15.4,..,..,..,..,..,..,..,..,..,..,7,..,..,..,..,..,9.2,..,..,..,6.7,..,..,7.7,..,..,..
"Timor-Leste",TLS,..,..,..,..,..,..,..,..,..,..,..,..,..,..,..,..,..,..,..,..,..,..,..,..,..,..,..,..,..,..,..,..,..,..,..,..,..,..,..,..,..,..,40.6,41.5,..,..,..,49.5,..,44.9,..,..,..,37.5,32.4,..,..,..,..,..,31.9,..,..
"Togo",TGO,..,..,..,..,..,..,..,..,..,..,..,..,..,..,..,..,..,..,..,..,..,..,..,..,..,..,..,..,18.3,..,..,..,..,..,..,..,16.7,..,22.8,..,..,..,..,..,..,..,..,..,20.5,16.6,16.6,..,16.5,..,16.1,..,..,15.2,..,..,..,..,..
"Tonga",TON,..,..,..,..,..,..,..,..,..,..,..,..,..,..,..,..,..,..,..,..,..,..,..,..,..,..,..,..,..,..,..,..,..,..,..,..,..,..,..,..,..,..,..,..,..,..,..,..,..,..,..,..,1.8,..,..,..,..,..,..,0.8,..,..,..
"Trinidad and Tobago",TTO,..,..,..,..,..,..,..,..,..,..,..,..,..,..,..,..,..,..,..,..,..,..,..,..,..,..,..,4.7,..,..,..,..,..,..,..,..,..,..,..,..,4.3,..,..,..,..,..,..,..,..,..,..,4.9,..,..,..,..,..,..,..,..,..,..,..
"Tunisia",TUN,..,..,..,..,..,..,..,..,..,..,..,..,..,..,..,..,..,..,..,..,..,..,..,..,..,..,..,..,8.6,..,..,..,..,..,..,..,..,3.3,..,..,3.5,..,..,..,..,..,3.3,..,..,..,..,..,2.3,..,..,..,..,..,1.6,..,..,..,..
"Turkiye",TUR,..,..,..,..,..,..,..,..,..,..,..,..,..,..,..,..,..,..,..,..,..,..,..,..,..,..,..,..,..,..,..,..,..,8.7,..,9,..,..,7,..,..,..,..,..,3.5,..,..,..,1.9,..,..,..,..,2.3,..,..,..,..,1.5,..,..,..,..
"Turkmenistan",TKM,..,..,..,..,..,..,..,..,..,..,..,..,..,..,..,..,..,..,..,..,..,..,..,..,..,..,..,..,..,..,..,..,..,..,..,..,..,..,..,..,11,..,..,..,..,..,9.2,..,..,..,..,..,..,..,..,3.2,..,..,..,3.1,..,..,..
"Turks and Caicos Islands",TCA,..,..,..,..,..,..,..,..,..,..,..,..,..,..,..,..,..,..,..,..,..,..,..,..,..,..,..,..,..,..,..,..,..,..,..,..,..,..,..,..,..,..,..,..,..,..,..,..,..,..,..,..,..,..,..,..,..,..,..,..,0.4,..,..
"Tuvalu",TUV,..,..,..,..,..,..,..,..,..,..,..,..,..,..,..,..,..,..,..,..,..,..,..,..,..,..,..,..,..,..,..,..,..,..,..,..,..,..,..,..,..,..,..,..,..,..,..,1.6,..,..,..,..,..,..,..,..,..,..,..,2.9,..,..,..
"Uganda",UGA,..,..,..,..,..,..,..,..,..,..,..,..,..,..,..,..,..,..,..,..,..,..,..,..,..,..,..,..,19.7,..,..,..,..,..,..,21.3,..,..,..,..,19.2,..,..,..,..,..,16.3,..,..,15.7,..,14.1,11.9,..,11.7,8.8,10.4,..,7.7,..,7.6,..,..
"Ukraine",UKR,..,..,..,..,..,..,..,..,..,..,..,..,..,..,..,..,..,..,..,..,..,..,..,..,..,..,..,..,..,..,..,..,..,..,..,..,..,..,..,..,4.1,..,..,..,..,..,..,..,..,..,..,..,..,..,..,..,..,..,..,..,..,..,..
"United Arab Emirates",ARE,..,..,..,..,..,..,..,..,..,..,..,..,..,..,..,..,..,..,..,..,..,..,..,..,..,..,..,..,..,..,..,..,..,..,..,..,..,..,..,..,..,..,..,..,..,..,..,..,..,..,..,..,..,..,..,..,..,..,..,..,..,..,..
"United Kingdom",GBR,..,..,..,..,..,..,..,..,..,..,..,..,..,..,..,..,..,..,..,..,..,..,..,..,..,..,..,..,..,..,..,..,..,..,..,..,..,..,..,..,..,..,..,..,..,..,..,..,..,..,..,..,..,..,..,..,..,..,..,..,..,..,..
"United States",USA,..,..,..,..,..,..,..,..,..,..,..,..,..,..,..,..,..,..,..,..,..,..,..,..,..,..,..,..,..,..,..,0.8,..,..,..,..,..,..,..,..,1.1,..,0.8,..,1.3,..,0.7,..,0.7,..,1,..,0.5,..,0.7,..,1.4,..,0.4,..,..,..,..
"Uruguay",URY,..,..,..,..,..,..,..,..,..,..,..,..,..,..,..,..,..,..,..,..,..,..,..,..,..,..,..,6.5,..,..,..,..,..,..,..,..,..,..,..,4.8,..,..,5.4,5.1,6,..,..,4,..,..,..,4,..,1.1,..,..,3.3,..,1.8,..,..,..,..
"Uzbekistan",UZB,..,..,..,..,..,..,..,..,..,..,..,..,..,..,..,..,..,..,..,..,..,..,..,..,..,..,..,..,..,..,..,..,..,..,..,..,15.3,..,..,..,..,..,7.4,..,..,..,4.4,..,..,..,..,..,..,..,..,..,..,2.9,..,..,..,1.8,..
"Vanuatu",VUT,..,..,..,..,..,..,..,..,..,..,..,..,..,..,..,..,..,..,..,..,..,..,..,..,..,..,..,..,..,..,..,..,..,..,..,..,10.6,..,..,..,..,..,..,..,..,..,..,..,11.5,..,..,..,..,11.7,..,..,..,..,..,..,..,..,..
"Venezuela, RB",VEN,..,..,..,..,..,..,..,..,..,..,..,..,..,..,..,..,..,..,..,..,..,..,..,..,..,..,..,3.9,..,..,6.7,5.4,4.5,4,3.9,4.1,4.4,4.5,4.6,4.1,3.9,4,4.2,4.6,4.5,4.1,3.9,3.7,3.2,2.9,..,..,..,..,..,..,..,..,..,..,..,..,..
"Viet Nam",VNM,..,..,..,..,..,..,..,..,..,..,..,..,..,..,..,..,..,..,..,..,..,..,..,..,..,..,..,..,40.7,..,..,..,..,36.6,40.6,..,..,..,35.8,31.1,26.7,..,23.3,24.6,23.6,22.8,21.9,21.6,20.5,17.5,11.7,16.8,16.2,15.3,14.5,14.1,13.8,13.4,12.8,12.2,11.6,..,..
"Virgin Islands (U.S.)",VIR,..,..,..,..,..,..,..,..,..,..,..,..,..,..,..,..,..,..,..,..,..,..,..,..,..,..,..,..,..,..,..,..,..,..,..,..,..,..,..,..,..,..,..,..,..,..,..,..,..,..,..,..,..,..,..,..,..,..,..,..,..,..,..
"West Bank and Gaza",PSE,..,..,..,..,..,..,..,..,..,..,..,..,..,..,..,..,..,..,..,..,..,..,..,..,..,..,..,..,..,..,..,..,..,..,..,..,2.5,..,..,..,2.2,..,2.4,..,3.3,..,2.6,..,..,..,3.7,..,..,..,1.4,..,..,..,..,..,2.1,..,..
"Yemen, Rep.",YEM,..,..,..,..,..,..,..,..,..,..,..,..,..,..,..,..,..,..,..,..,..,..,..,..,..,..,..,..,..,..,..,29.9,..,..,..,..,34.2,43,..,..,..,..,..,45.3,..,36.7,..,..,..,..,..,35.5,..,39.9,..,..,..,..,..,..,..,..,..
"Zambia",ZMB,..,..,..,..,..,..,..,..,..,..,..,..,..,..,..,..,..,..,..,..,..,..,..,..,..,..,..,..,..,..,..,..,21.2,..,..,..,19.6,..,..,18.9,..,..,23.2,..,..,..,..,14.9,..,..,..,..,..,14.9,..,..,..,..,11.8,..,..,..,..
"Zimbabwe",ZWE,..,..,..,..,..,..,..,..,..,..,..,..,..,..,..,..,..,..,..,..,..,..,..,..,..,..,..,10.5,8,..,..,..,..,..,11.8,..,..,..,..,11.5,..,..,..,..,..,14,..,..,..,11.7,10.2,..,..,..,11.2,8.5,..,..,..,9.7,..,..,..
